<?xml version="1.0" encoding="UTF-8"?>
<project-private xmlns="http://www.netbeans.org/ns/project-private/1">
    <editor-bookmarks xmlns="http://www.netbeans.org/ns/editor-bookmarks/2" lastBookmarkId="0"/>
    <open-files xmlns="http://www.netbeans.org/ns/projectui-open-files/2">
        <group>
            <file>file:/C:/Users/krath/Desktop/base%20de%20datos%203er%20parcial/BibliotecaLibrosDB4O/BibliotecaLibrosDB4O/src/bibliotecaLibrosdb4o/model/Categoria.java</file>
            <file>file:/C:/Users/krath/Desktop/base%20de%20datos%203er%20parcial/BibliotecaLibrosDB4O/BibliotecaLibrosDB4O/src/bibliotecaLibrosdb4o/model/Autor.java</file>
            <file>file:/C:/Users/krath/Desktop/base%20de%20datos%203er%20parcial/BibliotecaLibrosDB4O/BibliotecaLibrosDB4O/src/bibliotecaLibrosdb4o/model/Prestamo.java</file>
            <file>file:/C:/Users/krath/Desktop/base%20de%20datos%203er%20parcial/BibliotecaLibrosDB4O/BibliotecaLibrosDB4O/src/bibliotecaLibrosdb4o/model/Libro.java</file>
            <file>file:/C:/Users/krath/Desktop/base%20de%20datos%203er%20parcial/BibliotecaLibrosDB4O/BibliotecaLibrosDB4O/src/bibliotecaLibrosdb4o/model/Usuario.java</file>
            <file>file:/C:/Users/krath/Desktop/base%20de%20datos%203er%20parcial/BibliotecaLibrosDB4O/BibliotecaLibrosDB4O/src/bibliotecaLibrosdb4o/controller/DatabaseController.java</file>
        </group>
    </open-files>
</project-private>
